AUROC,AUPR 
0.992701537453854,0.62341386292656910.998926843152502,0.9208665774227518
