AUROC,AUPR 
0.842647861437995,0.43696414936000294
AUROC 0.8962331961927864 AUPR  0.5445701208387907
AUROC,AUPR  0.9341937957343435,0.6812069001587124

0.9425048083163333,0.7129624735234187
