AUROC,AUPR 
0.9938648419768339,0.5651632330099878
AUROC,AUPR 
0.9888011085201615,0.4578087115574192
AUROC,AUPR 
0.9888011085201615,0.4578087115574192
0.9986993004384345,0.8032645893184485
0.9986243641602065,0.7957011223958095
